{
  "filename": "IMG20220226143650_jpg.rf.0ba47b23e9e7ad87525a715dfd6c40e5.jpg",
  "detections": [
    {
      "label": "gloved_hand",
      "confidence": 0.255,
      "bbox": [
        0,
        501,
        63,
        634
      ]
    },
    {
      "label": "gloved_hand",
      "confidence": 0.541,
      "bbox": [
        0,
        113,
        110,
        254
      ]
    },
    {
      "label": "gloved_hand",
      "confidence": 0.549,
      "bbox": [
        410,
        528,
        637,
        640
      ]
    },
    {
      "label": "bare_hand",
      "confidence": 0.858,
      "bbox": [
        158,
        182,
        457,
        412
      ]
    }
  ]
}